[
    {
        "name": "3 Point Light Setup"
    },
    {
        "name": "Add Default UV Map if None"
    },
    {
        "name": "Add Vertices Mesh On Click Meshes"
    },
    {
        "name": "Add Vertices On Intersecting Edges"
    },
    {
        "name": "Align View To Selected"
    },
    {
        "name": "Apply Transforms and Remove Physics"
    },
    {
        "name": "Assign All 0 to Group Weight"
    },
    {
        "name": "Assign All 1 to Group Weight"
    },
    {
        "name": "Auto View Camera Far Near Clips"
    },
    {
        "name": "Boolean Union Joined Merged Meshes"
    },
    {
        "name": "Boolean Union Meshes"
    },
    {
        "name": "Center On Interest Panel"
    },
    {
        "name": "Class Lister Panel (For Developers)"
    },
    {
        "name": "Clay Polish Panel"
    },
    {
        "name": "Clear Grease Pencil Strokes"
    },
    {
        "name": "Clear System Console"
    },
    {
        "name": "Clear Weight Paint"
    },
    {
        "name": "Close Holes on Mesh"
    },
    {
        "name": "Create Bound Edges From Selected Faces"
    },
    {
        "name": "Create Cut Edges"
    },
    {
        "name": "Create Cut Edges As Mesh"
    },
    {
        "name": "Create Cut Edges As Mesh Keep Cutter"
    },
    {
        "name": "Create Double Sided Material Panel"
    },
    {
        "name": "Create Separated Bound Edges From Selected Faces"
    },
    {
        "name": "Cycle All Armatures Bones Viewport Displays"
    },
    {
        "name": "Cycle Object And Edit Modes (Alt+Q)"
    },
    {
        "name": "Delete All Everything in Scene"
    },
    {
        "name": "Delete All Geometry Nodes in Scene"
    },
    {
        "name": "Delete All Meshes"
    },
    {
        "name": "Delete Hidden Meshes"
    },
    {
        "name": "Delete Keyframes Keep Transforms"
    },
    {
        "name": "Delete Modifiers"
    },
    {
        "name": "Delete Non Mesh Objects"
    },
    {
        "name": "Delete Purge Empty Meshes Geometry"
    },
    {
        "name": "Delete Purge Unselected Mesh Objects"
    },
    {
        "name": "Delete with Siblings and Parent Collections"
    },
    {
        "name": "Display All Length Units mm cm m km"
    },
    {
        "name": "Equalize Objects Scales"
    },
    {
        "name": "Fill Weight Paint"
    },
    {
        "name": "Gaussian Smooth"
    },
    {
        "name": "Generate Random Rigids"
    },
    {
        "name": "Grow Edges To Smaller Edges"
    },
    {
        "name": "Insert Mesh And Clay Sculpt Panel"
    },
    {
        "name": "Isolate And Focus All Meshes Only"
    },
    {
        "name": "Isolate N-Gon Meshes (Faces 5+)"
    },
    {
        "name": "Isolate Objects By Face Count"
    },
    {
        "name": "Isolate Objects By Vtx Count"
    },
    {
        "name": "Isolate Objects Without UV Map"
    },
    {
        "name": "Mail Suggestion Or Bug Report"
    },
    {
        "name": "Metaball Manager Panel"
    },
    {
        "name": "Move Meshes To Scene Center"
    },
    {
        "name": "Move Selected To Center Floor"
    },
    {
        "name": "Non-Optimized Polygon Inspector"
    },
    {
        "name": "Open Asset Directories"
    },
    {
        "name": "Orient Snap Mesh To Selected Face Center"
    },
    {
        "name": "Packet Collision Hull for Selected Meshes"
    },
    {
        "name": "Panel Browser (For Developers)"
    },
    {
        "name": "Parent Packet Collusion Hull for Selected Meshes"
    },
    {
        "name": "Parent to New Bounding Box Group"
    },
    {
        "name": "Pipes From Faces Panel"
    },
    {
        "name": "Pivot To Extreme Panel"
    },
    {
        "name": "Poly Cutter"
    },
    {
        "name": "Poly Cutter Keep Cutter"
    },
    {
        "name": "Print Distance of Two Objects"
    },
    {
        "name": "Print To Python Console"
    },
    {
        "name": "Random Color Grouping for Empty Meshes"
    },
    {
        "name": "Random Colorize Meshes By Vertex Count"
    },
    {
        "name": "Random Grays Viewport Theme"
    },
    {
        "name": "Random Grease Pencil Brush Vertex Color"
    },
    {
        "name": "Random Grease Pencil Viewport Background Color"
    },
    {
        "name": "Random Kawaii Viewport Theme"
    },
    {
        "name": "Random Name Font Wire Color"
    },
    {
        "name": "Real Full Screen"
    },
    {
        "name": "Refresh Reload All Image Files"
    },
    {
        "name": "Remove All Physics or Selected"
    },
    {
        "name": "Rename Armature Bones One By One"
    },
    {
        "name": "Rename Prefix Armature Bones"
    },
    {
        "name": "Rename Selected Prefix"
    },
    {
        "name": "Report Island Count for Selected Mesh"
    },
    {
        "name": "Report Selected Object Types"
    },
    {
        "name": "Reset Clear Selected Armatures All Bone Transforms"
    },
    {
        "name": "Reset Locations of Selected Objects"
    },
    {
        "name": "Reset Overlay Settings"
    },
    {
        "name": "Reset Rotations of Selected Objects"
    },
    {
        "name": "Reset Scales of Selected Objects"
    },
    {
        "name": "Reset Transforms of Selected Objects"
    },
    {
        "name": "Reset User View To Center Default"
    },
    {
        "name": "Restart Blender Immediately"
    },
    {
        "name": "Restart Blender Immediately with Same Scene"
    },
    {
        "name": "Rock Shatter Panel"
    },
    {
        "name": "Scene Manager Panel"
    },
    {
        "name": "Select 2 Or Less Edges Vertices"
    },
    {
        "name": "Select All Meshes"
    },
    {
        "name": "Select all Meshes with Active Rigidbody"
    },
    {
        "name": "Select all Meshes with Passive Rigidbody"
    },
    {
        "name": "Select all Meshes with Rigidbody"
    },
    {
        "name": "Select Curves"
    },
    {
        "name": "Select Edge Boundary to Face"
    },
    {
        "name": "Select Edges by Angle and UV Unwrap All"
    },
    {
        "name": "Select Edges by Angle Panel"
    },
    {
        "name": "Select Faces By Edges Count Panel"
    },
    {
        "name": "Select Hidden Meshes"
    },
    {
        "name": "Select Largest Obj"
    },
    {
        "name": "Select Loop Edge Than Boundary To Face"
    },
    {
        "name": "Select Max Vertices Mesh"
    },
    {
        "name": "Select Meshes And Apply Modifiers"
    },
    {
        "name": "Select Meshes Assigned Any Materials"
    },
    {
        "name": "Select Meshes Non Zero Location"
    },
    {
        "name": "Select Meshes Non Zero Rotation"
    },
    {
        "name": "Select Meshes Non Zero Scale"
    },
    {
        "name": "Select Meshes with Modifiers"
    },
    {
        "name": "Select Meshes With Physics"
    },
    {
        "name": "Select Meshes With Same Material"
    },
    {
        "name": "Select Meshes Without Faces"
    },
    {
        "name": "Select Meshes Without Materials"
    },
    {
        "name": "Select Min Vertices Mesh"
    },
    {
        "name": "Select Min Vertices Mesh Or Higher"
    },
    {
        "name": "Select Min Vertices Mesh Or Lower"
    },
    {
        "name": "Select More By Face Count Panel"
    },
    {
        "name": "Select Nearest Highlighted Mesh"
    },
    {
        "name": "Select Next Mesh By High Vertices"
    },
    {
        "name": "Select Next Mesh By Low Vertices"
    },
    {
        "name": "Select Next Non Manifold Edge"
    },
    {
        "name": "Select Next Non Manifold Vertex"
    },
    {
        "name": "Select Next Non Planar Face"
    },
    {
        "name": "Select NGon Faces"
    },
    {
        "name": "Select Non Manifold Faces"
    },
    {
        "name": "Select Objects By Face Count"
    },
    {
        "name": "Select Objects By Vtx Count"
    },
    {
        "name": "Select Objects Without  UV Map"
    },
    {
        "name": "Select Overlapping Vertices"
    },
    {
        "name": "Select Overlapping Vertices And Merge"
    },
    {
        "name": "Select Siblings in Collection"
    },
    {
        "name": "Select Smallest Face Area"
    },
    {
        "name": "Select Smallest Obj"
    },
    {
        "name": "Select UV Island Seam Boundary Edges"
    },
    {
        "name": "Select Vertices By Edges Count Panel"
    },
    {
        "name": "Selected Meshes In Front OFF"
    },
    {
        "name": "Separate by Loose Parts"
    },
    {
        "name": "Set Pivot Origin To Bottom"
    },
    {
        "name": "Set Pivot Origin to Selected"
    },
    {
        "name": "Set Pivot Origin To Top"
    },
    {
        "name": "Show All Meshes Only"
    },
    {
        "name": "Show and Focus All Except Meshes"
    },
    {
        "name": "Show Unhide All Everything "
    },
    {
        "name": "Show Unhide All Everything in All Scenes"
    },
    {
        "name": "Smart Merge By Distance"
    },
    {
        "name": "Smart Merge Selected Vertices By Distance"
    },
    {
        "name": "Smart Merge To Center"
    },
    {
        "name": "Smart Poke Mesh Polygon"
    },
    {
        "name": "Smart Unsubdivide Dissolve"
    },
    {
        "name": "Spherize 100% Selected"
    },
    {
        "name": "Spherize Dialog"
    },
    {
        "name": "Spherize Mesh"
    },
    {
        "name": "Spherize Selected Panel"
    },
    {
        "name": "Stitch Edges"
    },
    {
        "name": "Straight Align Selected Vertices"
    },
    {
        "name": "Strip Faces And Edges Keep Vertices"
    },
    {
        "name": "Strip Faces And Vertices Keep Edges"
    },
    {
        "name": "Strip Faces Preserve Topology"
    },
    {
        "name": "Subdivide Mesh"
    },
    {
        "name": "Toggle All Empty Mesh Names Visibility "
    },
    {
        "name": "Toggle Armatures Bones Infront"
    },
    {
        "name": "Toggle Armatures Bones Names"
    },
    {
        "name": "Toggle Camera+Center+Lock to View"
    },
    {
        "name": "Toggle Cameras Visibility"
    },
    {
        "name": "Toggle Curves Visiblity"
    },
    {
        "name": "Toggle Dyntopo Sculpt Mode"
    },
    {
        "name": "Toggle Grease Pencils Visibility"
    },
    {
        "name": "Toggle Mesh ViewPort Display Color Alpha Opaque"
    },
    {
        "name": "Toggle Mesh ViewPort Display Wireframe"
    },
    {
        "name": "Toggle Mesh Wireframe"
    },
    {
        "name": "Toggle Objects Names Visibility"
    },
    {
        "name": "Toggle Sculpt Face Sets"
    },
    {
        "name": "Toggle Selectable"
    },
    {
        "name": "Toggle Selectable By Type Panel"
    },
    {
        "name": "Toggle Selected Meshes In Front"
    },
    {
        "name": "Toggle Transparency Opaque XRay Meshes"
    },
    {
        "name": "Toggle Viewport Shadow And Cavity"
    },
    {
        "name": "Toggle Visible By Type Panel"
    },
    {
        "name": "Tonalize Meshes By Vertex Count"
    },
    {
        "name": "Transfer Locations"
    },
    {
        "name": "Transfer Locations Scales"
    },
    {
        "name": "Transfer Rotations"
    },
    {
        "name": "Transfer Rotations Locations"
    },
    {
        "name": "Transfer Rotations Locations Scales"
    },
    {
        "name": "Transfer Rotations Scales"
    },
    {
        "name": "Transfer Scales"
    },
    {
        "name": "Triquadrangulate"
    },
    {
        "name": "Unify Selected Object"
    },
    {
        "name": "Unify Selected Object To Scene Origin Center"
    },
    {
        "name": "Unparent Children Keep Transforms"
    },
    {
        "name": "Unsubdivide Mesh"
    },
    {
        "name": "Weight Paint Bone Pose Tester Panel"
    },
    {
        "name": "XPose Panel"
    }
]